{"cameraMode":{"drawMode":0,"name":"Shaded","section":"Shading Mode"},"sceneLighting":true,"audioPlay":false,"sceneViewState":{"showFog":true,"showMaterialUpdate":false,"showSkybox":true,"showFlares":true,"showImageEffects":true,"showParticleSystems":true},"in2DMode":false,"pivot":{"x":823.018798828125,"y":590.7402954101563,"z":0.0},"rotation":{"x":0.1086706593632698,"y":0.016715887933969499,"z":-0.0018071677768602968,"w":0.9939752817153931},"size":1845.9139404296875,"orthographic":false}