{"cameraMode":{"drawMode":0,"name":"Shaded","section":"Shading Mode"},"sceneLighting":false,"audioPlay":false,"sceneViewState":{"showFog":true,"showMaterialUpdate":false,"showSkybox":false,"showFlares":true,"showImageEffects":true,"showParticleSystems":true},"in2DMode":false,"pivot":{"x":-4.4025559425354,"y":1.337158203125,"z":0.7670259475708008},"rotation":{"x":-0.31055906414985659,"y":0.02592913806438446,"z":-0.008459524251520634,"w":-0.9501796960830689},"size":81.22107696533203,"orthographic":false}